{
  "Analyse preliminaire": {
    "Nombre de point": 1000,
    "Moyenne": 1.9815263904961757,
    "Ecart-type": 1.361317526618464e-05
  }
}