{
  "Analyse preliminaire": {
    "Nombre de point": 1000,
    "Moyenne": 1.9814566092494643,
    "Ecart-type": 1.414707497005037e-05
  }
}