{
  "Analyse preliminaire": {
    "Nombre de point": 1000,
    "Moyenne": 1.9814744602660648,
    "Ecart-type": 1.3926540620754432e-05
  }
}