{
  "Analyse preliminaire": {
    "Nombre de point": 1000,
    "Moyenne": 1.9814803024169523,
    "Ecart-type": 1.3649832023293521e-05
  }
}