{
  "Analyse preliminaire": {
    "Nombre de point": 1000,
    "Moyenne": 1.9814364862852962,
    "Ecart-type": 1.36048878937417e-05
  }
}